r,x,y,Mach_Number,Pressure,Density,Speed,V_Velocity,U_Velocity
1.021870221699607839e+00,3.344055000000003761e-03,1.021864749999999988e+00,4.658280000000000198e-01,4.385450000000000159e+01,5.691169999999999618e+00,1.530014449121432252e+00,-1.530000000000000027e+00,-6.649399999999999755e-03
1.065620705956486614e+00,3.487224999999949306e-03,1.065615000000000201e+00,1.046750000000000042e-01,6.389170000000000016e+01,7.946139999999999759e+00,3.511965383723051337e-01,3.494410000000000016e-01,3.507129999999999970e-02
1.109370940214703838e+00,3.630394999999923041e-03,1.109364999999999934e+00,5.640619999999999523e-01,2.438210000000000122e+01,4.517699999999999605e+00,1.550481980965918938e+00,-1.545530000000000070e+00,1.238199999999999995e-01
1.153118674486307560e+00,3.773564999999896342e-03,1.153112499999999985e+00,8.390700000000000713e+00,8.788839999999999986e-01,2.491659999999999986e+00,5.896355126747794273e+00,-5.865009999999999835e+00,-6.071750000000000203e-01
1.196866408757911504e+00,3.916734999999954212e-03,1.196860000000000035e+00,5.828949999999999854e+00,1.088200000000000056e+00,1.462259999999999893e+00,5.949723855774498027e+00,-5.949709999999999610e+00,-1.284040000000000008e-02
1.240616643016128950e+00,4.059905000000009478e-03,1.240609999999999991e+00,5.997740000000000293e+00,1.001100000000000101e+00,1.400919999999999943e+00,5.999070000683340176e+00,-5.999069999999999681e+00,9.054730000000000634e-05
1.284366877282527408e+00,4.203077499999956744e-03,1.284359999999999946e+00,6.001179999999999737e+00,9.996739999999999515e-01,1.399999999999999911e+00,6.000200000009354717e+00,-6.000200000000000422e+00,1.059499999999999936e-05
1.328117111548926088e+00,4.346249999999930030e-03,1.328110000000000124e+00,6.000049999999999883e+00,1.000000000000000000e+00,1.399999999999999911e+00,6.000050000005775708e+00,-6.000049999999999883e+00,8.325059999999999877e-06
1.371867345807143534e+00,4.489419999999903765e-03,1.371860000000000079e+00,5.999629999999999797e+00,1.000089999999999923e+00,1.399969999999999937e+00,5.999970000022980088e+00,-5.999970000000000248e+00,1.660579999999999947e-05
1.415617580065360759e+00,4.632589999999959900e-03,1.415610000000000035e+00,6.000049999999999883e+00,9.999879999999999880e-01,1.400020000000000042e+00,5.999980000006690517e+00,-5.999979999999999869e+00,-8.960619999999999938e-06
1.459367814323578205e+00,4.775760000000016901e-03,1.459359999999999991e+00,5.999950000000000117e+00,1.000010000000000066e+00,1.399990000000000068e+00,6.000010000007278244e+00,-6.000009999999999621e+00,9.345520000000000267e-06
1.503118048581795430e+00,4.918929999999962881e-03,1.503109999999999946e+00,6.000090000000000146e+00,9.999749999999999472e-01,1.400009999999999977e+00,5.999990000003006863e+00,-5.999990000000000379e+00,-6.006380000000000081e-06
1.546868282864556576e+00,5.062107499999937005e-03,1.546860000000000124e+00,5.999990000000000379e+00,1.000010000000000066e+00,1.399999999999999911e+00,6.000010000000019161e+00,-6.000009999999999621e+00,4.833320000000000296e-07
1.590618517114592789e+00,5.205274999999880831e-03,1.590610000000000079e+00,5.999959999999999738e+00,1.000010000000000066e+00,1.399990000000000068e+00,6.000000000000455636e+00,-6.000000000000000000e+00,2.337479999999999938e-06
1.634366251402558756e+00,5.348449999999938670e-03,1.634357499999999908e+00,6.000029999999999752e+00,9.999949999999999672e-01,1.400009999999999977e+00,6.000000000000273559e+00,-6.000000000000000000e+00,-1.812600000000000018e-06
1.678113985690525389e+00,5.491625000000023397e-03,1.678104999999999958e+00,5.999990000000000379e+00,1.000000000000000000e+00,1.399999999999999911e+00,6.000000000000060396e+00,-6.000000000000000000e+00,8.519830000000000131e-07
1.721864219883292968e+00,5.634774999999969496e-03,1.721855000000000135e+00,6.000000000000000000e+00,9.999989999999999712e-01,1.399999999999999911e+00,6.000000000000009770e+00,-6.000000000000000000e+00,-3.445709999999999956e-07
1.765614454157872437e+00,5.777949999999943201e-03,1.765604999999999869e+00,6.000000000000000000e+00,1.000000000000000000e+00,1.399999999999999911e+00,6.000000000000001776e+00,-6.000000000000000000e+00,1.306420000000000127e-07
1.809364688432452350e+00,5.921124999999888283e-03,1.809354999999999825e+00,6.000000000000000000e+00,1.000000000000000000e+00,1.399999999999999911e+00,6.000000000000000000e+00,-6.000000000000000000e+00,-4.511319999999999927e-08
1.853114922707032264e+00,6.064299999999945255e-03,1.853105000000000002e+00,6.000000000000000000e+00,1.000000000000000000e+00,1.399999999999999911e+00,6.000000000000000000e+00,-6.000000000000000000e+00,1.240689999999999941e-08
1.896865156981611955e+00,6.207475000000029983e-03,1.896854999999999958e+00,6.000000000000000000e+00,1.000000000000000000e+00,1.399999999999999911e+00,6.000000000000000000e+00,-6.000000000000000000e+00,-1.084390000000000016e-09
1.940615391174379756e+00,6.350624999999976948e-03,1.940605000000000135e+00,6.000000000000000000e+00,1.000000000000000000e+00,1.399999999999999911e+00,6.000000000000000000e+00,-6.000000000000000000e+00,-1.829649999999999984e-09
1.984365625448959225e+00,6.493799999999894275e-03,1.984354999999999869e+00,6.000000000000000000e+00,1.000000000000000000e+00,1.399999999999999911e+00,6.000000000000000000e+00,-6.000000000000000000e+00,1.872270000000000194e-09
2.028115859723539138e+00,6.636974999999840225e-03,2.028105000000000047e+00,6.000000000000000000e+00,1.000000000000000000e+00,1.399999999999999911e+00,6.000000000000000000e+00,-6.000000000000000000e+00,-1.259829999999999981e-09
2.071866093998118608e+00,6.780149999999952708e-03,2.071854999999999780e+00,6.000000000000000000e+00,1.000000000000000000e+00,1.399999999999999911e+00,6.000000000000000000e+00,-6.000000000000000000e+00,7.142019999999999910e-10
2.115613828286084797e+00,6.923325000000065191e-03,2.115602499999999608e+00,6.000000000000000000e+00,1.000000000000000000e+00,1.399999999999999911e+00,6.000000000000000000e+00,-6.000000000000000000e+00,-3.656540000000000072e-10
2.159361562492239539e+00,7.066475000000009554e-03,2.159350000000000325e+00,6.000000000000000000e+00,1.000000000000000000e+00,1.399999999999999911e+00,6.000000000000000000e+00,-6.000000000000000000e+00,1.757059999999999979e-10
2.203111796766819452e+00,7.209649999999900860e-03,2.203100000000000058e+00,6.000000000000000000e+00,1.000000000000000000e+00,1.399999999999999911e+00,6.000000000000000000e+00,-6.000000000000000000e+00,-8.048549999999999829e-11
2.246862031041399366e+00,7.352824999999847677e-03,2.246850000000000236e+00,6.000000000000000000e+00,1.000000000000000000e+00,1.399999999999999911e+00,6.000000000000000000e+00,-6.000000000000000000e+00,3.565939999999999889e-11
2.290612265315978835e+00,7.495999999999959293e-03,2.290599999999999969e+00,6.000000000000000000e+00,1.000000000000000000e+00,1.399999999999999911e+00,6.000000000000000000e+00,-6.000000000000000000e+00,-1.491109999999999853e-11
2.334362499590558304e+00,7.639175000000071776e-03,2.334349999999999703e+00,6.000000000000000000e+00,1.000000000000000000e+00,1.399999999999999911e+00,6.000000000000000000e+00,-6.000000000000000000e+00,6.856640000000000155e-12
2.378112733865138662e+00,7.782350000000016858e-03,2.378100000000000325e+00,6.000000000000000000e+00,1.000000000000000000e+00,1.399999999999999911e+00,6.000000000000000000e+00,-6.000000000000000000e+00,-2.132009999999999919e-12
2.421862968139718131e+00,7.925524999999909032e-03,2.421850000000000058e+00,6.000000000000000000e+00,1.000000000000000000e+00,1.399999999999999911e+00,6.000000000000000000e+00,-6.000000000000000000e+00,1.955590000000000152e-12
2.465613202332486154e+00,8.068674999999853395e-03,2.465600000000000236e+00,6.000000000000000000e+00,1.000000000000000000e+00,1.399999999999999911e+00,6.000000000000000000e+00,-6.000000000000000000e+00,7.621710000000000448e-13
2.509363436607065623e+00,8.211849999999965011e-03,2.509349999999999969e+00,6.000000000000000000e+00,1.000000000000000000e+00,1.399999999999999911e+00,6.000000000000000000e+00,-6.000000000000000000e+00,1.243639999999999939e-12
2.553111170895031812e+00,8.355025000000078361e-03,2.553097499999999798e+00,6.000000000000000000e+00,1.000000000000000000e+00,1.399999999999999911e+00,6.000000000000000000e+00,-6.000000000000000000e+00,4.300179999999999757e-13
2.596858905182998445e+00,8.498200000000023444e-03,2.596845000000000070e+00,6.000000000000000000e+00,1.000000000000000000e+00,1.399999999999999911e+00,6.000000000000000000e+00,-6.000000000000000000e+00,-4.076989999999999852e-14
2.640609139457577914e+00,8.641374999999914749e-03,2.640594999999999803e+00,6.000000000000000000e+00,1.000000000000000000e+00,1.399999999999999911e+00,6.000000000000000000e+00,-6.000000000000000000e+00,-9.677560000000000216e-14
2.684359373650345049e+00,8.784524999999860848e-03,2.684344999999999537e+00,6.000000000000000000e+00,1.000000000000000000e+00,1.399999999999999911e+00,6.000000000000000000e+00,-6.000000000000000000e+00,6.530860000000000103e-14
2.728109607924925406e+00,8.927699999999972463e-03,2.728095000000000159e+00,6.000000000000000000e+00,1.000000000000000000e+00,1.399999999999999911e+00,6.000000000000000000e+00,-6.000000000000000000e+00,-2.641479999999999843e-14
2.771859842199504875e+00,9.070875000000085814e-03,2.771844999999999892e+00,6.000000000000000000e+00,1.000000000000000000e+00,1.399999999999999911e+00,6.000000000000000000e+00,-6.000000000000000000e+00,1.300600000000000032e-14
2.815610076474085233e+00,9.214050000000030896e-03,2.815595000000000070e+00,6.000000000000000000e+00,1.000000000000000000e+00,1.399999999999999911e+00,6.000000000000000000e+00,-6.000000000000000000e+00,-5.141699999999999910e-15
2.859360310748664702e+00,9.357224999999918733e-03,2.859344999999999803e+00,6.000000000000000000e+00,1.000000000000000000e+00,1.399999999999999911e+00,6.000000000000000000e+00,-6.000000000000000000e+00,1.756239999999999918e-15
2.903110544941431836e+00,9.500374999999866565e-03,2.903094999999999537e+00,6.000000000000000000e+00,1.000000000000000000e+00,1.399999999999999911e+00,6.000000000000000000e+00,-6.000000000000000000e+00,-5.833929999999999525e-16
2.946860779216012194e+00,9.643549999999979916e-03,2.946845000000000159e+00,6.000000000000000000e+00,1.000000000000000000e+00,1.399999999999999911e+00,6.000000000000000000e+00,-6.000000000000000000e+00,1.268309999999999994e-16
2.990611013490591663e+00,9.786725000000036020e-03,2.990594999999999892e+00,6.000000000000000000e+00,1.000000000000000000e+00,1.399999999999999911e+00,6.000000000000000000e+00,-6.000000000000000000e+00,-6.435970000000000429e-17
3.034358747778558296e+00,9.929899999999982838e-03,3.034342500000000165e+00,6.000000000000000000e+00,1.000000000000000000e+00,1.399999999999999911e+00,6.000000000000000000e+00,-6.000000000000000000e+00,5.858590000000000039e-18
3.078106482066524485e+00,1.007307499999992619e-02,3.078089999999999993e+00,6.000000000000000000e+00,1.000000000000000000e+00,1.399999999999999911e+00,6.000000000000000000e+00,-6.000000000000000000e+00,-3.476169999999999893e-17
3.121856716259292064e+00,1.021622499999987402e-02,3.121839999999999726e+00,6.000000000000000000e+00,1.000000000000000000e+00,1.399999999999999911e+00,6.000000000000000000e+00,-6.000000000000000000e+00,-1.072219999999999985e-17
3.165606950533871977e+00,1.035939999999998390e-02,3.165589999999999904e+00,6.000000000000000000e+00,1.000000000000000000e+00,1.399999999999999911e+00,6.000000000000000000e+00,-6.000000000000000000e+00,-2.428689999999999978e-17
3.209357184808451890e+00,1.050257500000004347e-02,3.209340000000000082e+00,6.000000000000000000e+00,1.000000000000000000e+00,1.399999999999999911e+00,6.000000000000000000e+00,-6.000000000000000000e+00,-1.594249999999999972e-17
3.253107419083031804e+00,1.064574999999998856e-02,3.253090000000000259e+00,6.000000000000000000e+00,1.000000000000000000e+00,1.399999999999999911e+00,6.000000000000000000e+00,-6.000000000000000000e+00,-2.034870000000000020e-17
3.296857653357611273e+00,1.078892499999993364e-02,3.296839999999999993e+00,6.000000000000000000e+00,1.000000000000000000e+00,1.399999999999999911e+00,6.000000000000000000e+00,-6.000000000000000000e+00,-1.744910000000000062e-17
3.340607887632190742e+00,1.093209999999988219e-02,3.340589999999999726e+00,6.000000000000000000e+00,1.000000000000000000e+00,1.399999999999999911e+00,6.000000000000000000e+00,-6.000000000000000000e+00,-1.875189999999999957e-17
3.384358121906770656e+00,1.107527499999999207e-02,3.384339999999999904e+00,6.000000000000000000e+00,1.000000000000000000e+00,1.399999999999999911e+00,6.000000000000000000e+00,-6.000000000000000000e+00,-1.759600000000000097e-17
3.428108356099538678e+00,1.121842500000004919e-02,3.428090000000000082e+00,6.000000000000000000e+00,1.000000000000000000e+00,1.399999999999999911e+00,6.000000000000000000e+00,-6.000000000000000000e+00,-1.792559999999999959e-17
3.471858590374118592e+00,1.136159999999999427e-02,3.471840000000000259e+00,6.000000000000000000e+00,1.000000000000000000e+00,1.399999999999999911e+00,6.000000000000000000e+00,-6.000000000000000000e+00,-1.737009999999999973e-17
3.515606324662084781e+00,1.150477499999994109e-02,3.515587500000000087e+00,6.000000000000000000e+00,1.000000000000000000e+00,1.399999999999999911e+00,6.000000000000000000e+00,-6.000000000000000000e+00,-1.732380000000000022e-17
3.559354058950050970e+00,1.164794999999988617e-02,3.559334999999999916e+00,6.000000000000000000e+00,1.000000000000000000e+00,1.399999999999999911e+00,6.000000000000000000e+00,-6.000000000000000000e+00,-1.696030000000000057e-17
3.603104293224630883e+00,1.179112499999999952e-02,3.603085000000000093e+00,6.000000000000000000e+00,1.000000000000000000e+00,1.399999999999999911e+00,6.000000000000000000e+00,-6.000000000000000000e+00,-1.678120000000000127e-17
3.646854527417398462e+00,1.193427500000005664e-02,3.646835000000000271e+00,6.000000000000000000e+00,1.000000000000000000e+00,1.399999999999999911e+00,6.000000000000000000e+00,-6.000000000000000000e+00,-1.651810000000000149e-17
3.690604761691977931e+00,1.207745000000000173e-02,3.690585000000000004e+00,6.000000000000000000e+00,1.000000000000000000e+00,1.399999999999999911e+00,6.000000000000000000e+00,-6.000000000000000000e+00,-1.635650000000000075e-17
3.734354995966558288e+00,1.222062499999994854e-02,3.734335000000000182e+00,6.000000000000000000e+00,1.000000000000000000e+00,1.399999999999999911e+00,6.000000000000000000e+00,-6.000000000000000000e+00,-1.619010000000000139e-17
3.778105230241137757e+00,1.236379999999989363e-02,3.778084999999999916e+00,6.000000000000000000e+00,1.000000000000000000e+00,1.399999999999999911e+00,6.000000000000000000e+00,-6.000000000000000000e+00,-1.596069999999999859e-17
3.821855464515717671e+00,1.250697500000000698e-02,3.821835000000000093e+00,6.000000000000000000e+00,1.000000000000000000e+00,1.399999999999999911e+00,6.000000000000000000e+00,-6.000000000000000000e+00,-1.582169999999999956e-17
3.865605698708485249e+00,1.265012500000006410e-02,3.865585000000000271e+00,6.000000000000000000e+00,1.000000000000000000e+00,1.399999999999999911e+00,6.000000000000000000e+00,-6.000000000000000000e+00,-1.558880000000000136e-17
3.909355932983064719e+00,1.279330000000000918e-02,3.909335000000000004e+00,6.000000000000000000e+00,1.000000000000000000e+00,1.399999999999999911e+00,6.000000000000000000e+00,-6.000000000000000000e+00,-1.543610000000000062e-17
3.953103667271030908e+00,1.293647499999995426e-02,3.953082499999999833e+00,6.000000000000000000e+00,1.000000000000000000e+00,1.399999999999999911e+00,6.000000000000000000e+00,-6.000000000000000000e+00,-1.522019999999999856e-17
3.996851401558997541e+00,1.307964999999989934e-02,3.996830000000000105e+00,6.000000000000000000e+00,1.000000000000000000e+00,1.399999999999999911e+00,6.000000000000000000e+00,-6.000000000000000000e+00,-1.502959999999999897e-17
4.040601635833577454e+00,1.322282500000001269e-02,4.040580000000000283e+00,6.000000000000000000e+00,1.000000000000000000e+00,1.399999999999999911e+00,6.000000000000000000e+00,-6.000000000000000000e+00,-1.481419999999999933e-17
4.084351870108156923e+00,1.336600000000001329e-02,4.084329999999999572e+00,6.000000000000000000e+00,1.000000000000000000e+00,1.399999999999999911e+00,6.000000000000000000e+00,-6.000000000000000000e+00,-1.470799999999999908e-17
4.128102104382737281e+00,1.350917500000001562e-02,4.128080000000000638e+00,6.000000000000000000e+00,1.000000000000000000e+00,1.399999999999999911e+00,6.000000000000000000e+00,-6.000000000000000000e+00,-1.444819999999999990e-17
4.171852338575503971e+00,1.365232500000012825e-02,4.171829999999999927e+00,6.000000000000000000e+00,1.000000000000000000e+00,1.399999999999999911e+00,6.000000000000000000e+00,-6.000000000000000000e+00,-1.440390000000000083e-17
4.215602572850084329e+00,1.379550000000001782e-02,4.215580000000000105e+00,6.000000000000000000e+00,1.000000000000000000e+00,1.399999999999999911e+00,6.000000000000000000e+00,-6.000000000000000000e+00,-1.422450000000000008e-17
4.259352807124664686e+00,1.393867500000002015e-02,4.259330000000000283e+00,6.000000000000000000e+00,1.000000000000000000e+00,1.399999999999999911e+00,6.000000000000000000e+00,-6.000000000000000000e+00,-1.411390000000000006e-17
4.303103041399243267e+00,1.408185000000002074e-02,4.303079999999999572e+00,6.000000000000000000e+00,1.000000000000000000e+00,1.399999999999999911e+00,6.000000000000000000e+00,-6.000000000000000000e+00,-1.392470000000000110e-17
4.346853275673824513e+00,1.422502500000002133e-02,4.346830000000000638e+00,6.000000000000000000e+00,1.000000000000000000e+00,1.399999999999999911e+00,6.000000000000000000e+00,-6.000000000000000000e+00,-1.381080000000000050e-17
4.390603509866591203e+00,1.436817500000013396e-02,4.390579999999999927e+00,6.000000000000000000e+00,1.000000000000000000e+00,1.399999999999999911e+00,6.000000000000000000e+00,-6.000000000000000000e+00,-1.366590000000000060e-17
4.434351244154557392e+00,1.451135000000002527e-02,4.434327500000000200e+00,6.000000000000000000e+00,1.000000000000000000e+00,1.399999999999999911e+00,6.000000000000000000e+00,-6.000000000000000000e+00,-1.354700000000000041e-17
4.478098978442524469e+00,1.465452500000002760e-02,4.478075000000000472e+00,6.000000000000000000e+00,1.000000000000000000e+00,1.399999999999999911e+00,6.000000000000000000e+00,-6.000000000000000000e+00,-1.329409999999999923e-17
4.521849212717103050e+00,1.479770000000002819e-02,4.521824999999999761e+00,6.000000000000000000e+00,1.000000000000000000e+00,1.399999999999999911e+00,6.000000000000000000e+00,-6.000000000000000000e+00,-1.323219999999999959e-17
4.565599446991684296e+00,1.494087500000002705e-02,4.565575000000000827e+00,6.000000000000000000e+00,1.000000000000000000e+00,1.399999999999999911e+00,6.000000000000000000e+00,-6.000000000000000000e+00,-1.304239999999999926e-17
4.609349681184450986e+00,1.508402500000014142e-02,4.609325000000000117e+00,6.000000000000000000e+00,1.000000000000000000e+00,1.399999999999999911e+00,6.000000000000000000e+00,-6.000000000000000000e+00,-1.294830000000000066e-17
4.653099915459031344e+00,1.522720000000003099e-02,4.653075000000000294e+00,6.000000000000000000e+00,1.000000000000000000e+00,1.399999999999999911e+00,6.000000000000000000e+00,-6.000000000000000000e+00,-1.280330000000000027e-17
4.696850149733610813e+00,1.537037500000003332e-02,4.696825000000000472e+00,6.000000000000000000e+00,1.000000000000000000e+00,1.399999999999999911e+00,6.000000000000000000e+00,-6.000000000000000000e+00,-1.275709999999999970e-17
4.740600384008190282e+00,1.551355000000003391e-02,4.740574999999999761e+00,6.000000000000000000e+00,1.000000000000000000e+00,1.399999999999999911e+00,6.000000000000000000e+00,-6.000000000000000000e+00,-1.254229999999999989e-17
4.784350618282770640e+00,1.565672500000003450e-02,4.784325000000000827e+00,6.000000000000000000e+00,1.000000000000000000e+00,1.399999999999999911e+00,6.000000000000000000e+00,-6.000000000000000000e+00,-1.249079999999999982e-17
4.828100852475538218e+00,1.579987500000014713e-02,4.828075000000000117e+00,6.000000000000000000e+00,1.000000000000000000e+00,1.399999999999999911e+00,6.000000000000000000e+00,-6.000000000000000000e+00,-1.229909999999999952e-17
4.871851086750117688e+00,1.594305000000003844e-02,4.871825000000000294e+00,6.000000000000000000e+00,1.000000000000000000e+00,1.399999999999999911e+00,6.000000000000000000e+00,-6.000000000000000000e+00,-1.228029999999999928e-17
4.915598821038083877e+00,1.608622500000003730e-02,4.915572499999999678e+00,6.000000000000000000e+00,1.000000000000000000e+00,1.399999999999999911e+00,6.000000000000000000e+00,-6.000000000000000000e+00,-1.205569999999999972e-17
4.959346555326050066e+00,1.622940000000003963e-02,4.959319999999999951e+00,6.000000000000000000e+00,1.000000000000000000e+00,1.399999999999999911e+00,6.000000000000000000e+00,-6.000000000000000000e+00,-1.200760000000000073e-17
5.003096789600629535e+00,1.637257499999993093e-02,5.003069999999999240e+00,6.000000000000000000e+00,1.000000000000000000e+00,1.399999999999999911e+00,6.000000000000000000e+00,-6.000000000000000000e+00,-1.182589999999999960e-17
5.046847023875209892e+00,1.651575000000004428e-02,5.046820000000000306e+00,6.000000000000000000e+00,1.000000000000000000e+00,1.399999999999999911e+00,6.000000000000000000e+00,-6.000000000000000000e+00,-1.178709999999999947e-17
5.090597258149790250e+00,1.665892500000004661e-02,5.090570000000000483e+00,6.000000000000000000e+00,1.000000000000000000e+00,1.399999999999999911e+00,6.000000000000000000e+00,-6.000000000000000000e+00,-1.159619999999999997e-17
5.134347492342556940e+00,1.680207500000004475e-02,5.134319999999999773e+00,6.000000000000000000e+00,1.000000000000000000e+00,1.399999999999999911e+00,6.000000000000000000e+00,-6.000000000000000000e+00,-1.162610000000000010e-17
5.178097726617137297e+00,1.694525000000004708e-02,5.178069999999999951e+00,6.000000000000000000e+00,1.000000000000000000e+00,1.399999999999999911e+00,6.000000000000000000e+00,-6.000000000000000000e+00,-1.143540000000000003e-17
5.221847960891715879e+00,1.708842499999993839e-02,5.221819999999999240e+00,6.000000000000000000e+00,1.000000000000000000e+00,1.399999999999999911e+00,6.000000000000000000e+00,-6.000000000000000000e+00,-1.140240000000000028e-17
5.265598195166297124e+00,1.723160000000005174e-02,5.265570000000000306e+00,6.000000000000000000e+00,1.000000000000000000e+00,1.399999999999999911e+00,6.000000000000000000e+00,-6.000000000000000000e+00,-1.125319999999999956e-17
5.309348429440876593e+00,1.737477500000005406e-02,5.309320000000000483e+00,6.000000000000000000e+00,1.000000000000000000e+00,1.399999999999999911e+00,6.000000000000000000e+00,-6.000000000000000000e+00,-1.120150000000000006e-17
5.353096163647030004e+00,1.751792500000005220e-02,5.353067499999999868e+00,6.000000000000000000e+00,1.000000000000000000e+00,1.399999999999999911e+00,6.000000000000000000e+00,-6.000000000000000000e+00,-1.105049999999999986e-17
5.396843897934997081e+00,1.766110000000005453e-02,5.396815000000000140e+00,6.000000000000000000e+00,1.000000000000000000e+00,1.399999999999999911e+00,6.000000000000000000e+00,-6.000000000000000000e+00,-1.094809999999999955e-17
5.440594132209575662e+00,1.780427499999994584e-02,5.440564999999999429e+00,6.000000000000000000e+00,1.000000000000000000e+00,1.399999999999999911e+00,6.000000000000000000e+00,-6.000000000000000000e+00,-1.086699999999999926e-17
5.484344366484156907e+00,1.794745000000005572e-02,5.484315000000000495e+00,6.000000000000000000e+00,1.000000000000000000e+00,1.399999999999999911e+00,6.000000000000000000e+00,-6.000000000000000000e+00,-1.075899999999999953e-17
5.528094600758737265e+00,1.809062500000005805e-02,5.528065000000000673e+00,6.000000000000000000e+00,1.000000000000000000e+00,1.399999999999999911e+00,6.000000000000000000e+00,-6.000000000000000000e+00,-1.068380000000000011e-17
5.571844834951503955e+00,1.823377500000005966e-02,5.571814999999999962e+00,6.000000000000000000e+00,1.000000000000000000e+00,1.399999999999999911e+00,6.000000000000000000e+00,-6.000000000000000000e+00,-1.055559999999999952e-17
5.615595069226083424e+00,1.837695000000006199e-02,5.615565000000000140e+00,6.000000000000000000e+00,1.000000000000000000e+00,1.399999999999999911e+00,6.000000000000000000e+00,-6.000000000000000000e+00,-1.060289999999999926e-17
5.659345303500662894e+00,1.852012499999995329e-02,5.659314999999999429e+00,6.000000000000000000e+00,1.000000000000000000e+00,1.399999999999999911e+00,6.000000000000000000e+00,-6.000000000000000000e+00,-1.042309999999999964e-17
5.703095537775243251e+00,1.866330000000005970e-02,5.703065000000000495e+00,6.000000000000000000e+00,1.000000000000000000e+00,1.399999999999999911e+00,6.000000000000000000e+00,-6.000000000000000000e+00,-1.038130000000000037e-17
5.746845772049823609e+00,1.880647500000006203e-02,5.746815000000000673e+00,6.000000000000000000e+00,1.000000000000000000e+00,1.399999999999999911e+00,6.000000000000000000e+00,-6.000000000000000000e+00,-1.030679999999999973e-17
5.790596006324403078e+00,1.894965000000006783e-02,5.790564999999999962e+00,6.000000000000000000e+00,1.000000000000000000e+00,1.399999999999999911e+00,6.000000000000000000e+00,-6.000000000000000000e+00,-1.021540000000000036e-17
5.834343740612369267e+00,1.909282500000007016e-02,5.834312500000000234e+00,6.000000000000000000e+00,1.000000000000000000e+00,1.399999999999999911e+00,6.000000000000000000e+00,-6.000000000000000000e+00,-1.011389999999999978e-17
5.878091474818522677e+00,1.923597499999996074e-02,5.878059999999999619e+00,6.000000000000000000e+00,1.000000000000000000e+00,1.399999999999999911e+00,6.000000000000000000e+00,-6.000000000000000000e+00,-9.898589999999999342e-18
5.921841709093103923e+00,1.937915000000006716e-02,5.921810000000000684e+00,6.000000000000000000e+00,1.000000000000000000e+00,1.399999999999999911e+00,6.000000000000000000e+00,-6.000000000000000000e+00,-9.912790000000000391e-18
5.965591943367683392e+00,1.952232500000006948e-02,5.965560000000000862e+00,6.000000000000000000e+00,1.000000000000000000e+00,1.399999999999999911e+00,6.000000000000000000e+00,-6.000000000000000000e+00,-9.758949999999999984e-18
6.009342177642261973e+00,1.966550000000007528e-02,6.009309999999999263e+00,6.000000000000000000e+00,1.000000000000000000e+00,1.399999999999999911e+00,6.000000000000000000e+00,-6.000000000000000000e+00,-9.789099999999999781e-18
6.053092411916841442e+00,1.980867500000007414e-02,6.053059999999999441e+00,6.000000000000000000e+00,1.000000000000000000e+00,1.399999999999999911e+00,6.000000000000000000e+00,-6.000000000000000000e+00,-9.710750000000000502e-18
6.096842646109609909e+00,1.995182499999996473e-02,6.096809999999999619e+00,6.000000000000000000e+00,1.000000000000000000e+00,1.399999999999999911e+00,6.000000000000000000e+00,-6.000000000000000000e+00,-9.651130000000000198e-18
6.140592880384190266e+00,2.009500000000007461e-02,6.140560000000000684e+00,6.000000000000000000e+00,1.000000000000000000e+00,1.399999999999999911e+00,6.000000000000000000e+00,-6.000000000000000000e+00,-9.542399999999999391e-18
6.184343114658770624e+00,2.023817500000018796e-02,6.184310000000000862e+00,6.000000000000000000e+00,1.000000000000000000e+00,1.399999999999999911e+00,6.000000000000000000e+00,-6.000000000000000000e+00,-9.529440000000000039e-18
6.228093348933348317e+00,2.038135000000019376e-02,6.228059999999999263e+00,6.000000000000000000e+00,1.000000000000000000e+00,1.399999999999999911e+00,6.000000000000000000e+00,-6.000000000000000000e+00,-9.380749999999999947e-18
6.271843583207928674e+00,2.052452500000008159e-02,6.271809999999999441e+00,6.000000000000000000e+00,1.000000000000000000e+00,1.399999999999999911e+00,6.000000000000000000e+00,-6.000000000000000000e+00,-9.346299999999999333e-18
6.315591317414083861e+00,2.066767499999997218e-02,6.315557500000000601e+00,6.000000000000000000e+00,1.000000000000000000e+00,1.399999999999999911e+00,6.000000000000000000e+00,-6.000000000000000000e+00,-9.239090000000000656e-18
6.359339051702050050e+00,2.081085000000008206e-02,6.359305000000000874e+00,6.000000000000000000e+00,1.000000000000000000e+00,1.399999999999999911e+00,6.000000000000000000e+00,-6.000000000000000000e+00,-9.152590000000000384e-18
6.403089285976629519e+00,2.095402500000019541e-02,6.403055000000000163e+00,6.000000000000000000e+00,1.000000000000000000e+00,1.399999999999999911e+00,6.000000000000000000e+00,-6.000000000000000000e+00,-9.078509999999999620e-18
6.446839520251208988e+00,2.109720000000020121e-02,6.446804999999999453e+00,6.000000000000000000e+00,1.000000000000000000e+00,1.399999999999999911e+00,6.000000000000000000e+00,-6.000000000000000000e+00,-9.036700000000000610e-18
6.490589754525788457e+00,2.124037500000008905e-02,6.490554999999999630e+00,6.000000000000000000e+00,1.000000000000000000e+00,1.399999999999999911e+00,6.000000000000000000e+00,-6.000000000000000000e+00,-8.905959999999999718e-18
6.534339988718556036e+00,2.138352499999997616e-02,6.534304999999999808e+00,6.000000000000000000e+00,1.000000000000000000e+00,1.399999999999999911e+00,6.000000000000000000e+00,-6.000000000000000000e+00,-8.967180000000000074e-18
6.578090222993137282e+00,2.152670000000008951e-02,6.578055000000000874e+00,6.000000000000000000e+00,1.000000000000000000e+00,1.399999999999999911e+00,6.000000000000000000e+00,-6.000000000000000000e+00,-8.768729999999999409e-18
6.621840457267715863e+00,2.166987500000020286e-02,6.621805000000000163e+00,6.000000000000000000e+00,1.000000000000000000e+00,1.399999999999999911e+00,6.000000000000000000e+00,-6.000000000000000000e+00,-8.879710000000000339e-18
6.665590691542295332e+00,2.181305000000020519e-02,6.665554999999999453e+00,6.000000000000000000e+00,1.000000000000000000e+00,1.399999999999999911e+00,6.000000000000000000e+00,-6.000000000000000000e+00,-8.663320000000000214e-18
6.709340925816875689e+00,2.195622500000009303e-02,6.709304999999999630e+00,6.000000000000000000e+00,1.000000000000000000e+00,1.399999999999999911e+00,6.000000000000000000e+00,-6.000000000000000000e+00,-8.713079999999999246e-18
6.753088660104842766e+00,2.209939999999998433e-02,6.753052500000000791e+00,6.000000000000000000e+00,1.000000000000000000e+00,1.399999999999999911e+00,6.000000000000000000e+00,-6.000000000000000000e+00,-8.551919999999999404e-18
6.796836394392807179e+00,2.224257500000009768e-02,6.796799999999999287e+00,6.000000000000000000e+00,1.000000000000000000e+00,1.399999999999999911e+00,6.000000000000000000e+00,-6.000000000000000000e+00,-8.526060000000000684e-18
6.840586628585576534e+00,2.238572500000021032e-02,6.840550000000000352e+00,6.000000000000000000e+00,1.000000000000000000e+00,1.399999999999999911e+00,6.000000000000000000e+00,-6.000000000000000000e+00,-8.402259999999999848e-18
6.884336862860155115e+00,2.252890000000020918e-02,6.884299999999999642e+00,6.000000000000000000e+00,1.000000000000000000e+00,1.399999999999999911e+00,6.000000000000000000e+00,-6.000000000000000000e+00,-8.435659999999999994e-18
6.928087097134735473e+00,2.267207500000010048e-02,6.928049999999999820e+00,6.000000000000000000e+00,1.000000000000000000e+00,1.399999999999999911e+00,6.000000000000000000e+00,-6.000000000000000000e+00,-8.227879999999999702e-18
6.971837331409314942e+00,2.281524999999999179e-02,6.971799999999999997e+00,6.000000000000000000e+00,1.000000000000000000e+00,1.399999999999999911e+00,6.000000000000000000e+00,-6.000000000000000000e+00,-8.336390000000000059e-18
7.015587565683894411e+00,2.295842500000010514e-02,7.015549999999999287e+00,6.000000000000000000e+00,1.000000000000000000e+00,1.399999999999999911e+00,6.000000000000000000e+00,-6.000000000000000000e+00,-8.242980000000000492e-18
7.059337799876662878e+00,2.310157500000021430e-02,7.059300000000000352e+00,6.000000000000000000e+00,1.000000000000000000e+00,1.399999999999999911e+00,6.000000000000000000e+00,-6.000000000000000000e+00,-8.250050000000000255e-18
7.103088034151242347e+00,2.324475000000021316e-02,7.103049999999999642e+00,6.000000000000000000e+00,1.000000000000000000e+00,1.399999999999999911e+00,6.000000000000000000e+00,-6.000000000000000000e+00,-8.138090000000000120e-18
7.146838268425821816e+00,2.338792500000010793e-02,7.146799999999999820e+00,6.000000000000000000e+00,1.000000000000000000e+00,1.399999999999999911e+00,6.000000000000000000e+00,-6.000000000000000000e+00,-8.159049999999999738e-18
7.190588502700402174e+00,2.353109999999999924e-02,7.190549999999999997e+00,6.000000000000000000e+00,1.000000000000000000e+00,1.399999999999999911e+00,6.000000000000000000e+00,-6.000000000000000000e+00,-8.014219999999999561e-18
7.234336236988368363e+00,2.367427500000011259e-02,7.234297500000000269e+00,6.000000000000000000e+00,1.000000000000000000e+00,1.399999999999999911e+00,6.000000000000000000e+00,-6.000000000000000000e+00,-8.009330000000000198e-18
7.278083971194521773e+00,2.381742500000022175e-02,7.278044999999999654e+00,6.000000000000000000e+00,1.000000000000000000e+00,1.399999999999999911e+00,6.000000000000000000e+00,-6.000000000000000000e+00,-7.807700000000000448e-18
7.321834205469102130e+00,2.396060000000022061e-02,7.321794999999999831e+00,6.000000000000000000e+00,1.000000000000000000e+00,1.399999999999999911e+00,6.000000000000000000e+00,-6.000000000000000000e+00,-7.912639999999999521e-18
7.365584439743682488e+00,2.410377500000011539e-02,7.365545000000000009e+00,6.000000000000000000e+00,1.000000000000000000e+00,1.399999999999999911e+00,6.000000000000000000e+00,-6.000000000000000000e+00,-7.750129999999999297e-18
7.409334674018261957e+00,2.424695000000000669e-02,7.409295000000000186e+00,6.000000000000000000e+00,1.000000000000000000e+00,1.399999999999999911e+00,6.000000000000000000e+00,-6.000000000000000000e+00,-7.814690000000000747e-18
7.453084908292841426e+00,2.439012500000012004e-02,7.453044999999999476e+00,6.000000000000000000e+00,1.000000000000000000e+00,1.399999999999999911e+00,6.000000000000000000e+00,-6.000000000000000000e+00,-7.674840000000000679e-18
7.496835142567420895e+00,2.453330000000022645e-02,7.496794999999999654e+00,6.000000000000000000e+00,1.000000000000000000e+00,1.399999999999999911e+00,6.000000000000000000e+00,-6.000000000000000000e+00,-7.742229999999999517e-18
7.540585376842001253e+00,2.467647500000022878e-02,7.540544999999999831e+00,6.000000000000000000e+00,1.000000000000000000e+00,1.399999999999999911e+00,6.000000000000000000e+00,-6.000000000000000000e+00,-7.591029999999999890e-18
7.584335611034768831e+00,2.481962500000012284e-02,7.584295000000000009e+00,6.000000000000000000e+00,1.000000000000000000e+00,1.399999999999999911e+00,6.000000000000000000e+00,-6.000000000000000000e+00,-7.631919999999999677e-18
7.628085845309349189e+00,2.496280000000001068e-02,7.628045000000000186e+00,6.000000000000000000e+00,1.000000000000000000e+00,1.399999999999999911e+00,6.000000000000000000e+00,-6.000000000000000000e+00,-7.498220000000000150e-18
7.671836079583927770e+00,2.510597500000012403e-02,7.671794999999999476e+00,6.000000000000000000e+00,1.000000000000000000e+00,1.399999999999999911e+00,6.000000000000000000e+00,-6.000000000000000000e+00,-7.565270000000000113e-18
7.715583813871895735e+00,2.524915000000023391e-02,7.715542500000000636e+00,6.000000000000000000e+00,1.000000000000000000e+00,1.399999999999999911e+00,6.000000000000000000e+00,-6.000000000000000000e+00,-7.395370000000000732e-18
7.759331548159861036e+00,2.539232500000023623e-02,7.759290000000000020e+00,6.000000000000000000e+00,1.000000000000000000e+00,1.399999999999999911e+00,6.000000000000000000e+00,-6.000000000000000000e+00,-7.363899999999999774e-18
7.803081782352628615e+00,2.553547500000013029e-02,7.803040000000000198e+00,6.000000000000000000e+00,1.000000000000000000e+00,1.399999999999999911e+00,6.000000000000000000e+00,-6.000000000000000000e+00,-7.288390000000000705e-18
7.846832016627208972e+00,2.567865000000001813e-02,7.846790000000000376e+00,6.000000000000000000e+00,1.000000000000000000e+00,1.399999999999999911e+00,6.000000000000000000e+00,-6.000000000000000000e+00,-7.282990000000000718e-18
7.890582250901787553e+00,2.582182500000012801e-02,7.890539999999999665e+00,6.000000000000000000e+00,1.000000000000000000e+00,1.399999999999999911e+00,6.000000000000000000e+00,-6.000000000000000000e+00,-7.223769999999999272e-18
7.934332485176367911e+00,2.596500000000024136e-02,7.934289999999999843e+00,6.000000000000000000e+00,1.000000000000000000e+00,1.399999999999999911e+00,6.000000000000000000e+00,-6.000000000000000000e+00,-7.088510000000000194e-18
7.978082719450947380e+00,2.610817500000024369e-02,7.978040000000000020e+00,6.000000000000000000e+00,1.000000000000000000e+00,1.399999999999999911e+00,6.000000000000000000e+00,-6.000000000000000000e+00,-5.374180000000000011e-18
